Felix  Wiedemann    1wiedema
Marcel Hellwig      1hellwig
Felix Ortmann       0ortmann
Nasif Yueksel       1yueksel
David Weber         1weber
Sven-Hendrik Haase  1haase
Alias Dammer        1dammer

